{
  "13.793366_100.540966_school": 1441,
  "13.793366_100.540966_park": 3393,
  "13.793366_100.540966_hospital": 3932,
  "13.793366_100.540966_veterinary_care": 3264,
  "13.784407_100.701647_school": 1411,
  "13.784407_100.701647_park": 2220,
  "13.784407_100.701647_hospital": 5246,
  "13.784407_100.701647_veterinary_care": 2913,
  "12.778317_101.205449_school": 2708,
  "12.778317_101.205449_park": 2275,
  "12.778317_101.205449_hospital": 1910,
  "12.778317_101.205449_veterinary_care": 2496,
  "13.761704_100.542724_school": 4213,
  "13.761704_100.542724_park": 439,
  "13.761704_100.542724_hospital": 1750,
  "13.761704_100.542724_veterinary_care": 2730,
  "13.802168_100.581081_school": 4296,
  "13.802168_100.581081_park": 6039,
  "13.802168_100.581081_hospital": 2990,
  "13.802168_100.581081_veterinary_care": 3939,
  "13.743808_100.507644_school": 2581,
  "13.743808_100.507644_park": 3711,
  "13.743808_100.507644_hospital": 1315,
  "13.743808_100.507644_veterinary_care": 2292,
  "13.792433_100.622673_school": 952,
  "13.792433_100.622673_park": 3192,
  "13.792433_100.622673_hospital": 3620,
  "13.792433_100.622673_veterinary_care": 2209,
  "13.705100_100.386910_school": 4514,
  "13.705100_100.386910_park": 1313,
  "13.705100_100.386910_hospital": 2842,
  "13.705100_100.386910_veterinary_care": 650,
  "13.782742_100.539055_school": 5171,
  "13.782742_100.539055_park": 4778,
  "13.782742_100.539055_hospital": 4997,
  "13.782742_100.539055_veterinary_care": 4030,
  "13.806664_100.533175_school": 3124,
  "13.806664_100.533175_park": 5179,
  "13.806664_100.533175_hospital": 8211,
  "13.806664_100.533175_veterinary_care": 4478,
  "13.793366_100.540966_convenience_store": 1613,
  "13.793366_100.540966_shopping_mall": 3165,
  "13.793366_100.540966_transit_station": 2869,
  "13.784407_100.701647_convenience_store": 3337,
  "13.784407_100.701647_shopping_mall": 1160,
  "13.784407_100.701647_transit_station": 3970,
  "12.778317_101.205449_convenience_store": 3333,
  "12.778317_101.205449_shopping_mall": 4237,
  "12.778317_101.205449_transit_station": null,
  "13.761704_100.542724_convenience_store": 2156,
  "13.761704_100.542724_shopping_mall": 3610,
  "13.761704_100.542724_transit_station": 5126,
  "13.802168_100.581081_convenience_store": 4022,
  "13.802168_100.581081_shopping_mall": 703,
  "13.802168_100.581081_transit_station": 3953,
  "13.743808_100.507644_convenience_store": 3995,
  "13.743808_100.507644_shopping_mall": 3860,
  "13.743808_100.507644_transit_station": 1434,
  "13.792433_100.622673_convenience_store": 4475,
  "13.792433_100.622673_shopping_mall": 2540,
  "13.792433_100.622673_transit_station": 2486,
  "13.705100_100.386910_convenience_store": 1166,
  "13.705100_100.386910_shopping_mall": 1354,
  "13.705100_100.386910_transit_station": 1565,
  "13.782742_100.539055_convenience_store": 1918,
  "13.782742_100.539055_shopping_mall": 3625,
  "13.782742_100.539055_transit_station": 5480,
  "13.806664_100.533175_convenience_store": 8121,
  "13.806664_100.533175_shopping_mall": 4522,
  "13.806664_100.533175_transit_station": 2371
}