{
  "13.793366_100.540966": {
    "school": 2001,
    "park": 1501,
    "hospital": 179.72672417403336,
    "veterinary": 218.6306557951964
  },
  "13.784407_100.701647": {
    "school": 1189.636017769765,
    "park": 1501,
    "hospital": 3001,
    "veterinary": 2001
  },
  "12.778317_101.205449": {
    "school": 2001,
    "park": 1501,
    "hospital": 3001,
    "veterinary": 2001
  },
  "13.761704_100.542724": {
    "school": 987.9198245298437,
    "park": 1501,
    "hospital": 940.0639721067324,
    "veterinary": 2001
  },
  "13.802168_100.581081": {
    "school": 989.8950976657972,
    "park": 1501,
    "hospital": 1626.4360088983326,
    "veterinary": 1022.7566806764574
  },
  "13.743808_100.507644": {
    "school": 505.57736512750415,
    "park": 1501,
    "hospital": 1196.1601698990287,
    "veterinary": 1008.0850351158706
  },
  "13.792433_100.622673": {
    "school": 1804.550976262831,
    "park": 1501,
    "hospital": 1678.6962064827367,
    "veterinary": 1416.4163759236483
  },
  "13.705100_100.386910": {
    "school": 256.2804804015116,
    "park": 1501,
    "hospital": 481.7784588551017,
    "veterinary": 2001
  },
  "13.782742_100.539055": {
    "school": 1908.7744034131792,
    "park": 1501,
    "hospital": 669.6475584599299,
    "veterinary": 980.5731579398597
  },
  "13.806664_100.533175": {
    "school": 1102.758638410552,
    "park": 1501,
    "hospital": 1451.2023920412203,
    "veterinary": 1838.8775963233488
  }
}